relative_path,snapshot_class,exists,size_bytes,modified_utc,sha256
config/case_dwh_retro_2010_72h.yaml,config,True,10461,2026-04-10T21:02:38.932711601+00:00,807591933636b78787913510462f83da904cd510f79b5e342112539423deff51
config/case_mindoro_retro_2023.yaml,config,True,1774,2026-04-09T14:47:26.222468138+00:00,95f21b4ff0be3d74c53a7a346f5b5a53a3dbea1c6e443e05542efc47c6c359b1
config/ensemble.yaml,config,True,2106,2026-04-10T09:47:53.687011480+00:00,61b2ba06db6ec551061494199723f59aa2ad53cea73d78201d41d24c407e465c
config/launcher_matrix.json,config,True,11679,2026-04-11T00:12:57.262057781+00:00,12ba84cf64906e2d54c74934fc9722f7ad07301e58d221834d15ef308bf6c188
config/oil.yaml,config,True,5049,2026-04-07T07:40:56+00:00,1530d5880b5a43dee28b206d1c6ff33d148b8fba6cf22676d06d3b6c00e053d6
config/phase1_baseline_selection.yaml,config,True,1954,2026-04-10T22:07:04.176200390+00:00,e659f5be0ef76694f45ed877b7a498a46d38b1b3d420a413da4c89b20337ba0e
config/phase4_oil_scenarios.csv,config,True,702,2026-04-10T23:30:59.006487846+00:00,148a0463442d16b5dbb1f55215a3b359a205d2bc90c5d0e839ed442c7f5d5c90
config/recipes.yaml,config,True,1389,2026-04-10T22:06:49.546797037+00:00,87dc708a98df95a5e76787d014b23db968cfa59abcbe42d0ee1b1df98e580d53
config/settings.yaml,config,True,3533,2026-04-10T22:42:34.028242350+00:00,06c4b5e03d80a054489f2e05a1035f0c0397cc9183496c4ebc3098d4b66f78b8
start.ps1,launcher,True,7188,2026-04-07T07:40:56+00:00,6d993ac4e3affd959724f196dc77819584ccd36b42954f82835a377773785d90
.gitignore,repo_hygiene,False,0,,
